questions,option_A,option_B,option_C,option_D,correct_answer
"Puérpera acude al consultorio de odontología, por presentar manchas blancas en los dientes, refiere que le acaban de 
diagnosticar anemia y que ese día inicia su tratamiento con sulfato ferroso. Se le realiza el tratamiento preventivo 
odontológico y se le recomienda continuar con su tratamiento para la anemia; se le indica que le van a realizar una visita 
para monitorear su adherencia al tratamiento. ¿A los cuántos días se realiza el seguimiento una vez iniciada el tratamiento 
de anemia?",42,15,7,30,C
"El jefe de un establecimiento de salud requiere de hemoglobinómetros para realizar los controles de hemoglobina durante 
las visitas a la comunidad. La anemia es la primera morbilidad en el distrito y sobre todo en su localidad. Ha decidido 
presentar su requerimiento al alcalde. ¿Qué documento de gestión usará para sustentar lo requerido?",POI,PEI,PPR,ASIS,D
En relación a la terapia preventiva de la tuberculosis en contactos con TB sensible. ¿Cuál es la indicación?,El esquema de elección en mayores de 2 años es 3 HR,"La administración es de lunes a sábado, no incluye feriados",El esquema de elección en menores de 2 años es 3 HP,"La administración es de lunes a domingo, incluido feriados",D
"Paciente de 5 años acude a un centro de salud tras posible fractura del tobillo, a la evaluación el médico solicita una 
radiografía de la región, siendo indispensable para su oportuno tratamiento. ¿Qué principio de protección radiológica 
se muestra?",Límite de dosis,Distancia,Optimización de dosis,Justificación,D
"Un estudio de tipo experimental, realizado en una farmacia perteneciente a un establecimiento de salud, busca medir 
como objetivo principal, la influencia del tiempo de espera entre cada atención y el porcentaje de adherencia al tratamiento 
por parte de los pacientes; además para tener mayor información se decide analizar la edad del paciente en esta relación. 
¿Qué tipo de variable es la edad?",Interdependiente,Independiente,Dependiente,Interviniente,D
"Paciente varón de 55 años con diagnóstico de hipertensión arterial, participa en centro de salud en un plan de 
alimentación, con el objetivo de disminuir sus valores de presión arterial a través, de una acción diurética, facilitando la 
excreción renal de sodio. Dentro del objetivo del plan alimenticio esta considerada la alimentación fraccionada en ...... 
tiempos.",4,5,6,3,B
"En una paciente puérpera sana. ¿A los cuántos días post parto se le realiza el dosaje de hemoglobina de prevención y 
control?",30,120,90,60,A
"Si la persona encargada de recomendar un antihistamínico conoce que la diferencia entre la levocetiricina y la cetiricina 
es solo el menor efecto de somnolencia del racemato, y aun así recomienda la levocetiricina a pesar de su elevado costo 
y suponiendo que la somnolencia no representaría mayor riesgo para el paciente. ¿Qué principio ético se está 
vulnerando?",Justicia,Beneficencia,No maleficencia,Respeto a la autonomía,B
"Dentro de las estrategias planteadas en el establecimiento de salud en el área niño para la cobertura de sus indicadores 
de gestión se estableció trabajo intra y extramural el cual abarca coordinar con municipalidades, colegios e instituciones 
de la jurisdicción para la realización de un trabajo conjunto que incida en mejorar el vínculo entre instituciones así como 
también se estableció la participación de empresas privadas de la jurisdicción. ¿Qué principio del sistema de salud se 
toma en cuenta?",Participación,Orientación a la calidad,Intersectorialidad,Sostenibilidad,C
"Los cambios demográficos es el factor más relevante en el fenómeno de ...... resultante de las tasas de mortalidad y 
fertilidad, principalmente, los fenómenos que producen los cambios son los que generan una modificación en el perfil 
etario de las poblaciones y en el perfil de salud, así como en la expectativa de vida.",cambios en estilo de vida,cambios en antigenicidad,transición epidemiológica,cambios ambientales,C
"Una evaluación de causalidad de sospecha de RAM realizada sobre una población de 500 habitantes en un periodo de 1 
año, se registraron 15 casos de rash post administración de ciprofloxacino 500 mg tableta vía oral de la marca X, mientras 
que se evidenciaron 3 casos de rash con la administración de ciprofloxacino marca Y. ¿Qué tipo de diseño de 
investigación se debe aplicar?",Casos y Controles,Cohorte,Experimental,Prospectivo,B
"""Difamar, calumniar, injuriar o tratar de perjudicar directa o indirectamente la reputación y honorabilidad de un colega, ya 
sea de manera verbal, escrita o compartiendo opiniones en redes sociales, se considera falta a la ética"". En el código de 
ética del CTMP la medida disciplinaria de  infracción de esta norma se sanciona desde amonestación hasta la suspensión 
de ...... meses.",8,12,24,15,C
"¿Cuál es el tipo de investigación en la que al investigador le interesa caracterizar y contextualizar fenómenos, situaciones, 
eventos indicando sus rasgos más distintivos o diferenciadores?",Analítica,Correlacional,Descriptiva,Cuasiexperimental,C
"Un profesional no titulado realiza labores de detección de coronavirus, por eso para informar sus resultados usa el sello 
y firma de un colega colegiado. Este comportamiento es una falta ética relacionada al...",propiedad intelectual.,ejercicio profesional.,pago de obligaciones pecunarias.,ausentismo y negligencia.,B
"Dentro del paquete del cuidado integral de salud por curso de vida; el cuidado integral al adulto mayor, garantiza la 
provisión del paquete de cuidado integral de salud a personas de ...... años a más.",58,65,70,60,D
"Paciente con enfermedad terminal manifiesta al médico de cuidados paliativos la necesidad de regresar a su pueblo. La 
semana siguiente es el control de pruebas de sangre. El médico acuerda con la familia autorizar el viaje, luego de realizar 
los exámenes de laboratorio y obtener los resultados, con la condición de regresar antes de su próximo control y cumplir 
con las indicaciones brindadas. En relación a la atención centrada en la persona. ¿Qué dimensión clave se está 
aplicando?",La perspectiva biopsicosocial,Compartir poder y responsabilidad,El profesional como centro del proceso,Alianza terapéutica consensuada,B
"Un niño es llevado al centro de salud al haber sufrido una caída, al ser evaluado por el médico, éste determina una posible 
fractura del antebrazo. ¿Cuáles son las proyecciones radiográficas a tomar?",Tangencial y oblicua,Oblicua y P-A,P-A y lateral,A-P y lateral,D
"Una de las medidas sanitarias que se aplica en el EESS Conde de la Vega es la eliminación de los desechos que se 
utilizan en la sesión demostrativa el día de su intervención a fin de no generar acumulación de bacterias en el área de 
trabajo. ¿Qué medida sanitaria se emplea?",Eliminación de residuos,Control de vectores,Evacuación de alimentos tóxicos,Control sanitario de desechos solidos,D
"Analizando epidemiológicamente el número de casos de dengue en el sector V de la jurisdicción de San Juan de 
Lurigancho del EESS Motupe se encontró viviendas con exposición al mosquito Aedes aegypti tanto en almacenamiento 
de tanques como en recipientes. ¿Qué tipo de determinante está influyendo en la comunidad?",Biología humana,Estilo de vida,Medio ambiente,Sistema sanitario,C
"El jefe del establecimiento de salud nivel I-2 ha identificado que existe necesidad de otro personal técnico para las visitas 
domiciliarias, porque no se logran las metas programadas. ¿En qué instrumento de gestión se debe programar 
este recurso?",Presupuesto por resultados,Plan de salud local,Plan estratégico,Plan operativo,D
"Dentro de un centro de salud el personal asistencial se encuentra expuesto a adquirir infecciones asociadas a la atención 
en salud. ¿Cuál es la infección con mayor frecuencia y de mayor posibilidad de prevención?",Tuberculosis,Parasitosis,Dengue,Tetano,A
"La Obstetra atiende a una adolescente en el primer trimestre de embarazo con anemia en una comunidad indígena, 
explica la importancia de adoptar medidas en el tratamiento, por las consecuencias para el binomio madre/hijo; se brinda 
información y se busca establecer acuerdos en un ambiente de respeto y reconocimiento de las diferencias culturales. 
¿A qué acción corresponde?",Diversidad cultural,Comunicación lingüística,Pertinencia cultural,Diálogo intercultural,D
"En una provincia de Ayacucho se observa mucha desigualdad social en la salud, marcando una diferencia en el aspecto 
político social, en mercado laboral, vivienda y tierras. Estos aspectos son considerados como determinantes:",Finales,Estructurales,Intermedios,Avanzados,B
"La Obstetra fue designada a una comunidad indígena donde el 50.7% de mujeres no conoce sobre ITS y las hace 
vulnerables para contraer VIH/SIDA. Debe implementar acciones de información a esta población, tomando en cuenta 
sus características culturales, garantizando el derecho a la atención en salud. ¿A qué corresponden estas acciones?",Diálogo cultural,Inclusión social,Pertinencia cultural,Interculturalidad en salud,C
"Se desea evaluar el impacto del sulfato ferroso sobre el promedio de hemoglobina en niños de su comunidad. ¿Cuál es 
la prueba estadística que debe utilizar para probar su hipótesis?",Chi cuadrado,Percentiles,t de Student,Correlación de Pearson,C
"Su centro de salud le ha solicitado elaborar y estandarizar el formato de informe de exámenes de laboratorio, con el fin 
de mejorar la gestión de la historia clínica. ¿Cuál es parte del contenido mínimo de dicho formato?",Marca del equipo o reactivo utilizado,Diagnóstico clínico presuntivo,Breve descripción del caso,Fecha y hora de emisión de resultado,D
"Paciente acude al centro de salud para atención médica, dentro de la evaluación para hipertensión arterial; un factor de 
riesgo biológico se considera el perímetro abdominal mayor o igual a:",102,100,98,99,A
"Varón de 68 años acude a su consulta nutricional, después de la evaluación nutricional antropométrica, se determina que 
presenta IMC de 27.5, el profesional nutricionista registra la interpretación de los valores de índice de masa corporal (IMC) 
como:",Delgadez,Sobrepeso,Obesidad,Normal,D
"Profesional de la salud que usa rayos X en los estudios de diagnóstico, cuando aplica técnicas y procedimientos que 
tienen como finalidad proteger a las personas y a su descendencia, de los efectos nocivos de las radiaciones. Éstas son 
acciones de:",Protección radiológica,Protección laboral,Salud ocupacional,Seguridad laboral,A
"¿Como se conocen a aquellos medicamentos y productos biológicos que cubren la mayor parte de la morbilidad en el 
país y que luego de una evaluación técnica especializada multidisciplinaria han demostrado ser comparativamente 
seguros, eficaces y costo efectivo, deben estar disponibles en todo momento y al alcance de la población que los 
necesita?",Esenciales,De estrategias sanitarias,Genéricos,Huérfanos,A
En el área de diagnóstico por imágenes la solicitud de exámenes radiológicos debe contener primordialmente:,Información de los padres,Colegiatura de la enfermera,Dirección domiciliaria,Diagnostico presuntivo,D
"El conjunto de procedimientos asistenciales a través del cual se asegura la continuidad de la atención de las necesidades 
de salud de los usuarios, transfiriéndolo del establecimiento de menor a mayor capacidad resolutiva corresponde a:",Atención primaria,Contrarreferencia,Referencia,Atención compartida,C
¿Qué tipo de variable proporcionan datos nominales y datos ordinales?,Cualitativa,Continua,Discreta,Cuantitativa,A
"La IPRESS busca identificar estrategias para lograr sus objetivos institucionales en un periodo de 3 años incluidos en el 
plan multianual. ¿Cuál es el instrumento de gestión al que debe alinear sus objetivos?",PDC,POI,PIA,PEI,D
"En centro de salud se evalúa un niño de 5 años que ha tenido contacto con su abuelita que tiene tuberculosis activa, 
además presenta signos y síntomas clínicos. El diagnóstico de TB pediátrica. ¿Con qué tipo de estudio se sustenta 
prioritariamente?",Clínico y radiológico,Clínico y bacteriológico,Bacteriológico y clínico,Inmunológico y radiológico,A
"¿A qué corresponde la definición: ""es la ciencia y el arte de mejorar la salud de la población mediante los esfuerzos 
organizados de la sociedad?",Salud para todos,Política de salud,Salud pública,Seguro universal,C
"En la aplicación de la ficha familiar realizada por el personal de salud capacitado se ha establecido en los últimos meses 
que la incidencia de casos de anemia de niño y gestante está relacionada con aspectos relacionados a factores 
económicos, vivienda y estilo de vida de la familia. ¿Qué aspectos nos permite identificar en la aplicación de la ficha?",Determinantes de salud,Tipos de familia,Número de casos de anemia,Datos demográficos,A
"Gestante migrante quechua hablante, que acude para atención a su establecimiento de salud tiene derecho a ...",acompañamiento de familia.,servicios de salud con adecuación cultural.,presencia solo de pareja.,traductor de idioma original.,B
"En un estudio descriptivo, realizado para entender el grado de adherencia a un tratamiento médico. ¿Qué tipo de 
herramienta de recolección de datos se caracteriza por tener como ventaja un mayor nivel de confianza, flexibilidad en el 
entendimiento de términos consultados, pero como desventaja la influencia en las respuestas durante la recolección de 
datos, y ser aplicable a un menor número de personas?",La observación,La encuesta,La entrevista,El foro,C
"Para realizar los procedimientos de medidas preventivas del cuidado de la salud oral en niños. ¿La visita al odontólogo 
por primera vez, a qué edad en años, se debe realizar?",1,5,6,3,A
"Una IPRESS de la amazonía peruana quiere generar evidencia de los efectos a la salud que produce la actividad minera 
ilegal en su región. ¿Cuál es el enfoque investigativo más apropiado para abordar este problema?",Cualitativo,Correlacional,Cuantitativo,Mixto,C
"En la actualidad existe una amplia gama de recursos diagnósticos. ¿Cuáles son los indicadores estadísticos que evalúan 
el grado de eficacia inherente a una prueba diagnóstica?",Costo y beneficio,Eficiencia y especificidad,Sensibilidad y especificidad,Eficacia y eficiencia,C
"El análisis ...... permite relacionar los factores externos (entorno) e internos (intorno) de la organización, así como 
descubrir las posibilidades de éxito o fracaso de la organización.",FODA,situacional,estratégico,retrospectivo,A
"Cuando nos referimos a objetivos de identificar la etiología o la causa de una enfermedad y los factores de riesgo 
relevantes, es decir, los factores que aumentan el riesgo de que una persona padezca una enfermedad. Estos 
corresponde a objetivos de:",Salud ocupacional,Epidemiología,Salud pública,Historia de la enfermedad,B
"Usted realiza su SERUMS en un establecimiento cuyas UPSS son Consulta Externa y Laboratorio Clínico. ¿Cuál es la 
categoría del establecimiento?",I-3,I-4,I-2,II-1,A
"Una tecnóloga medica que trabaja en un centro de salud se encuentra embarazada, adoptando todas las medidas de 
protección radiológica, incluyendo un seguimiento a su dosimetría. ¿Cuál es la dosis limite mensual para la trabajadora 
ocupacionalmente expuesta?","0,6 mSv","0,5 mSv",20 mSv,10 mSv,B
"El equipo de trabajo para evaluación de brote de IAAS, es presidido por el ...",responsable de Epidemiología.,director del EE.SS.,responsable de prevención y control de IAAS.,jefe de Departamento de Enfermería.,B
"Se observa que hay migrantes de la selva que viven en un asentamiento humano de un distrito de Lima, que son 
discriminados y rechazados por los pobladores del distrito donde pernoctan. ¿Qué acciones debe realizar como personal 
de salud?",Imponer acciones socio educativas,"Cambiar hábitos, costumbres y creencias",Normalizar el comportamiento de la comunidad,Reforzar la interacción cultural,D
"Un estudio realizado en la población asignada a su IPRESS concluye que los niños cuyos padres son separados 
presentan el doble de riesgo de desnutrición. ¿En qué sección del informe encontrará los alcances, las limitaciones 
metodológicas y la comparación con estudios similares en otra población?",Resultados,Discusión,Introducción,Metodología,B
"El responsable de la RIS desea saber la cantidad de atenciones realizadas por el médico serumista en 
consulta externa. ¿Qué indicador de gestión debe utilizar?",Rendimiento,Productividad,Concentración,Permanencia,B
"Cuando se refiere a certeza, conformidad o precisión de una prueba diagnóstica y concuerda con el estándar de oro. 
Este concepto corresponde a:",Eficiencia,Eficacia,Validez,Especificidad,C
"A mayor edad del paciente, mayor riesgo de que sufra una caída. Es una hipotesis de:",Reproducción,Relación causal,Asociación,Relación de producción,C
"¿A qué corresponde la siguiente definición: ""es el conjunto de condiciones que rodean a la persona que trabaja y que 
directa o indirectamente influyen en su salud y en la calidad de vida""?",Clima laboral,Salud ocupacional,Seguridad laboral,Ambiente de trabajo,D
"Al asumir la responsabilidad de su servicio, encuentra como línea base una gran cantidad de problemas a resolver, para 
destinar los recursos disponibles de manera racional y eficiente, debe priorizar los problemas raíz. Bajo el supuesto que 
el 20% de las causas genera el 80% de los problemas. ¿Qué herramienta de gestión debe elegir para establecer la 
priorización?",Diagrama de Ichikawa,Diagrama de Paretto,Rueda de Deming,Análisis FODA,B
"Recién nacido vivo de parto institucional es afiliado al Seguro integral de Salud del centro materno para recibir sus 
atenciones. En el marco de la atención primaria en salud. ¿Qué objetivo esencial está cumpliendo?",Políticas públicas saludables,Liderazgo,Servicios centrados en la persona,Cobertura universal,D
¿A qué tipo de prevención corresponde cuando se actúa en fases presintomáticas de la enfermedad?,Secundaria,Terciaria,Cuaternaria,Primaria,A
"El servicio de laboratorio clínico de un establecimiento I-4, ha suspendido las pruebas bioquímicas por avería permanente 
del fotómetro digital. ¿Qué elemento de la oferta de servicios de salud se ha perdido?",Calidad de atención,Capacidad de oferta,Tamaño de los recursos,Capacidad resolutiva,D
"Mujer en situación de violencia ocasionada por su pareja acude a centro de salud de primer nivel de atención, donde 
determinan el caso de complejidad severa. ¿Cuál es la acción que corresponde realizar?",Referencia a hospital,Apoyo por telemedicina,Llamar a la policía,Interconsulta a psicología,A
"Luego de una investigación sobre anemia en el Perú, el investigador principal presenta resultados parcialmente 
convenientes para justificar más presupuesto a la entidad financiadora. Dicho profesional está incurriendo en una falta de 
tipo:",Deontológica,Judicial,Administrativa,Intelectual,A
"Las actividades operativas son componentes del POI de la IPRESS. ¿Cuál de las siguientes alternativas corresponde a 
una actividad operativa?",Preservar el buen estado de salud de la población infantil,"Acceder a agua segura, hábitos de aseo personal y lavado de alimentos",Contratar los servicios de instalación de sistema de cloración para agua,Reducir las enfermedades diarreicas agudas en la población infantil,C
"En los centros y puestos de salud, el ...... asume la responsabilidad de la gestión del SISMED debiendo designar a un 
responsable de farmacia y garantizar el soporte logístico y administrativo necesario.",administrador,químico farmacéutico,médico,jefe del establecimiento,D
"Los adolescentes de una comunidad, necesitan atención integral estomatológica, para cubrir sus necesidades de salud. 
¿Qué establecimiento de salud del primer nivel oferta la cartera de servicios necesaria?",II-1,I-1,I-2,I-3,D
"El Comité Distrital de Salud (CDS) del distrito de Lurigancho, en sesión, ha aprobado el plan de acciones articuladas para 
intervenir sobre las principales enfermedades que afectan a los pobladores y reducir su impacto, contribuyendo con la 
cultura de autocuidado. ¿Cómo deben ser estas acciones?",Participativas,Multidisciplinarias,Intersectoriales,Comunitarias,C
"En el modelo de abordaje de Promoción de la Salud. ¿Qué escenario nos permite trabajar con la comunidad la alta 
incidencia de anemia en el distrito de la Victoria del año en curso?",Colegio,Municipio,Iglesia,Familia,B
"El centro de salud donde realiza su SERUMS ha registrado varios casos de leucemia infantil en los últimos años, por lo 
que tiene interés de investigar los factores asociados. ¿Qué tipo de estudio será el más conveniente?",Cohortes prospectiva,Casos y controles,Ensayo clínico,Descriptivo,B
"El medico responsable del CS Lince ha sido designado a realizar la intervención para el control de brechas designando 
equipos con los médicos de guardia, estableciendo responsables y objetivos por día para el cumplimiento de la meta 
designada ¿Qué herramienta técnica está aplicando?",Asignación de personal,Plan operativo institucional,ASIS,Plan local de salud,D
"En el C.S Esperanza, se ha decidido realizar acciones preventivas dirigidas a detectar enfermedades en su fase 
presintomática a fin de frenar su curso, por lo que el servicio de nutrición realizará una campaña de determinación de 
perímetro abdominal (PAB). ¿Qué tipo de prevención se aplica?",Secundaria,Terciaria,Primaria,Cuaternaria,A
"La investigación ...... permite identificar problemas, describir sus características, desarrollar conceptos y describir su punto 
de intervención mientras que, la investigación ...... añade nuevos datos a fenómenos previamente explorados, utilizando 
marcos de referencia concretos y centrándose en problemas específicos.",cualitativa-correlacional,experimental-correlacional,cuantitativa-correlacional,cualitativa-cuantitativa,D
"En las intervenciones realizadas en el EESS por el personal de salud en guardias comunitarias esta la vigilancia 
epidemiológica en dengue para verificar el incremento de casos reportados en los meses de verano ¿Qué característica 
epidemiológica resulta de estas intervenciones?",Tipos de almacenamiento de agua,Vigilancia pública,Número de casas infectadas,Cambio en patrones de vectores,D
"En el establecimiento de salud se presenta una complicada relación entre los trabajadores, ha pasado todo el año y no 
han realizado las capacitaciones sobre salud mental y otras especialidades. Dentro del plan de salud mental. ¿Cuál es el 
mínimo de capacitaciones al año?",3,1,4,2,C
"En un pueblo amazónico se está implementando una RIS de manera ordenada, siguiendo la normativa del MINSA, 
considerando su realidad local. ¿Qué característica del proceso se está cumpliendo?",Progresivo,Sistemático,Sostenible,Planificado,B
"En su establecimiento de salud se ha verificado problemas en la segregación de residuos contaminados por la falta de 
recipientes, utilizando tachos de residuos generales lo que constituye un problema dentro de los factores ambientales 
ocasionando ...",calidad sanitaria.,contaminación atmosférica.,riesgos higiénicos.,riesgos laborales.,D
"Dentro de los factores de riesgo de un paciente obeso que sigue un plan nutricional, el desequilibrio o circunstancias de 
alteración puede dar la probabilidad de padecer la enfermedad. ¿Cómo se denomina a este fenómeno?",Proceso mórbido,Interacción negativo,Enfermedad transmisible,Enfermedad no transmisible,B
"Una puérpera hospitalizada en su centro de salud pide alta voluntaria, por lo que solicita una copia autenticada de su 
historia clínica y epicrisis. ¿Cuál debe ser la respuesta de la IPRESS?",Entregar en el lapso de 5 días,Rechazar por no estar obligada,Referirla a la DIRIS/GERESA,Aceptar en el lapso de 1 mes,A
"El contenido de la historia clínica de una paciente fallecida por presunta negligencia médica (muerte materna), debe ser 
custodiada bajo medidas de mayor seguridad. El tipo de archivo dónde se ubica se denomina:",Especial,Activo,Pasivo,Común,A
"Se encuentra usted en un centro de salud donde el ingreso es mediante transporte fluvial y debido a la temporada de 
lluvias no puede llegar el equipo especialista; con el fin de resguardar su seguridad les indican que realizaran la reunión 
de soporte técnico de forma virtual, para todo el personal involucrado del establecimiento de salud. ¿Qué tipo de servicio 
de telesalud se aplica?",Telemonitoreo,Telemedicina,Telecapacitación,Teleconsulta,C
"Como área usuaria de primer nivel de atención, usted tiene que hacer seguimiento de sus requerimientos. ¿Cuál es el 
documento de gestión que la DIRIS/DIRESA tiene que enviar a su establecimiento para tal fin?",Cuadro multianual de necesidades,Centro de costos,Cuadro de necesidades,Plan de continuidad operativa,C
"En un centro comunitario se fomenta charlas educativas de control de enfermedades de trasmisión sexual, el 
personal asistencial prepara unos folletos informativos para difundirlos en toda la comunidad con el fin que tengan 
conocimientos de como evitarlos. Estas acciones están contempladas como una estrategia de la:",Promoción de la salud,Información,Comunicación,Equidad,A
"Ud. desea definir las líneas de mejora continua de su centro de salud para lo cual es necesario conocer sus 
fortalezas. ¿Qué pregunta debe realizar?",¿Qué facilidades se presentan?,¿Qué nos falta para mejorar?,¿Qué riesgos externos existen?,¿Qué se está haciendo bien?,D
"En un EE.SS. para reducir la concentración de partículas infecciosas, priorizando las áreas de mayor riesgo de transmisión 
de M. tuberculosis, se debe considerar como medidas de control ambiental:",Capacitación periódica al personal de la salud sobre uso de EPP,Realizar la búsqueda activa y pasiva de casos de TB en personal de salud,Promover la higiene respiratoria y uso de mascarilla quirúrgica,"Evaluar, utilizar, mantener o mejorar el sistema de ventilación",D
"En el establecimiento de salud al paciente adulto se le brinda el consentimiento informado, donde se le explica en forma 
clara los procedimientos que se le realizará. ¿Qué aspectos éticos se está respetando?",Beneficencia,Autonomía,Maleficencia,Justicia,B
"Supervisar implica necesariamente comunicarse con las otras personas de una manera apropiada y significativa. La 
comunicación adecuada simplifica la supervisión, se aplica el principio de ....... en el proceso de control.",enseñanza,comunicación,planeación,liderazgo,B
"Analizando los resultados de las principales patologías nutricionales que conforman el ASIS institucional encontramos en 
la etapa de vida adulto a la obesidad con mayor incidencia evaluando factores económicos, sociales, estilos de vida, 
patrones culturales y sociales como parte causal de dicha patología. ¿Desde el punto de salud pública que estamos 
analizando?",Análisis situacional,Proceso salud enfermedad,Intervención sanitaria,Evaluación sanitaria,B
"¿Cuál es uno de los cuatro ejes del desarrollo de la telesalud e incluye actividades de organización, dirección y control 
de servicios de salud?",Telemonitoreo,Telegestión,Teleconsulta,Teleorientación,B
"El personal de laboratorio clínico recibió entrenamiento, mediante videollamada Zoom, sobre los procedimientos de toma 
y envío de muestras de tos ferina. ¿Qué componente de la telesalud se utilizó?",Teleapoyo al diagnóstico,Teleorientación,Telegestión,Telecapacitación,D
¿Cuál es la dosis efectiva por año del trabajador ocupacionalmente expuesto a las radiaciones ionizantes?,15 mSv,25 mSv,10 mSv,20 mSv,D
"El espectrofotómetro del laboratorio donde realiza su SERUMS, no está operativo desde hace un mes, por ello, los 
exámenes auxiliares para gestantes se refieren a otro establecimiento de salud lo que genera malestar en la población y 
largas listas de espera. ¿Cuál es el problema en el sistema de salud?",Fragmentación,Segmentación,Integración,Desintegración,A
"Después de resolver un problema complejo en un paciente, con la finalidad de garantizar el seguimiento y la continuidad 
de los cuidados básicos. ¿Como se denomina el procedimiento administrativo-asistencial mediante el cual, el 
establecimiento de salud de mayor complejidad devuelve la responsabilidad del cuidado de la salud de un usuario al 
establecimiento de menor nivel?",Referencia,Transferencia,Derivación,Contrarreferencia,D
"Paciente con diagnóstico de glioblastoma es evaluado en el consultorio de cuidados paliativos; manifiesta al médico que 
la dosis de fármaco que debe tomar a las 12 de la medianoche le altera el sueño por lo que ha decidido no tomarla. El 
médico realiza el ajuste en la prescripción de la hora de administración del fármaco, por lo que llegan a un acuerdo 
generando satisfacción y compromiso en el paciente. ¿Qué tipo de atención está realizando?",Atención primaria renovada,Atención centrada en la persona,Atención centrada en la comunidad,Atención centrada en la familia,B
"Dentro de las acciones de salud ocupacional en su centro laboral, se ha determinado en el personal de salud adulto mayor 
evaluar la incidencia de diabetes, obesidad e hipertensión en los últimos meses. ¿Qué actividad se debe realizar para la 
prevención y control?",Numero de infecciones presentadas,Control de eventos no infecciosos,Respuesta a tratamiento,Numero de controles médicos,B
"Para poder estimar el cálculo del número de individuos necesario para realizar un estudio de investigación transversal, 
es imprescindible conocer la variabilidad del parámetro que se desea estimar a través de la varianza. ¿Cuál es el enfoque 
del estudio?",Prospectivo,Cuantitativo,Mixto,Cualitativo,B
Las radiaciones ionizantes se consideran dentro de la salud ocupacional como un tipo de riesgo de factor...,físico.,químico.,biológico.,eléctrico.,A
"Varón de 24 años, se acerca al establecimiento de salud para un descarte tuberculosis. La notificación del caso es de 
carácter obligatorio en todas las IPRESS, ya que la misma se encuentra alineada a la estrategia para controlar la 
transmisión de tuberculosis a nivel nacional, todo esto en el marco de la:",Vigilancia epidemiológica,Identificación y detección de casos,Reinfección de la enfermedad,Censo y seguimiento de contactos,A
"En un centro de salud el tecnólogo médico en radiología cuenta con una sala de rayos X, que cumple con las medidas de 
seguridad radiológica; de igual forma el equipo de rayos X ha pasado las pruebas de control de calidad; consiguiendo que 
el personal trabaje con motivación. Esto se considera dentro del programa de:",Control de trabajo,Familias y viviendas saludables,Centro laboral saludable,Prevención laboral,C
"En las Buenas Prácticas de Almacenamiento se indica que ...... es la secuencia que comprende las fases o eventos de 
transporte del producto farmacéutico y dispositivo médico termo-sensible desde su fabricación hasta su recepción por el 
usuario final, manteniendo la temperatura dentro de las especificaciones aprobadas.",la conservación de temperatura,el mapeo térmico,la cadena de frio,el control de temperatura,C
"En el CS I-4 con comunidad afroperuana, se busca fortalecer la aplicación del enfoque intercultural con la participación 
de autoridades y personal de salud, promotores de salud, agentes de medicina tradicional y autoridades regionales y 
locales para la identificación y solución de los problemas de salud de la persona, familia y comunidad. Esta acción se 
describe como:",Adecuación Intercultural,Diálogo en salud,Pertinencia cultural,Participación ciudadana,B
"El P.S. de la comunidad de Angora no cuenta con cirujano dentista, los pacientes son referidos al C.S. Huasahuasi, 
teniendo que caminar 8 horas porque no se cuenta con carretera; esto ocasiona que muchos no asistan al C.S. para su 
atención odontológica; incrementándose los problemas de salud bucal. En el marco de la Atención Primaria en 
Salud. ¿Qué atributo se está vulnerando?",Accesibilidad,Integralidad,Continuidad,Primer contacto,A
"Para el buen uso de las vacunas es importante conocer las características de estas; en lo referente a la vacuna de Bacilo 
de Calmette - Guerín, de que tipo es:",Inactivada,Anatoxina,Toxoide,Viva atenuada,D
"En la provincia de Huánuco los establecimientos de salud pertenecientes a la Microred 2 mantienen una alta cobertura 
de atenciones, captando al 95% de su población, mostrando una ubicación geográfica de adecuada accesibilidad a la 
población. ¿Dentro del componente calidad del modelo de atención, qué característica se evidencia?",Accesibilidad a servicios de salud,Tecnología apropiada,Evaluación demográfica,Innovación,A
"Antes de realizar un procedimiento en la toma del PAP, como por ejemplo colocar el espéculo; debo solicitar la 
autorización del mismo y explicar los beneficios del procedimiento. ¿En qué documento debe quedar la evidencia?",Libro de reportes,Consentimiento informado,Registro de atención,Ficha de vigilancia,B